at_least_one_option,at_least_two_option,at_least_three_option,selection_metric_percent,selection_metric_raw_percent
temporal_targetwise,temporal_targetwise,temporal_targetwise_0.65+hazard_targetwise_0.35,7.85,7.853683713012294
temporal_targetwise,temporal_targetwise,temporal_targetwise_0.80+hazard_targetwise_0.20,7.85,7.853693247893334
temporal_targetwise,temporal_targetwise,temporal_targetwise_0.50+hazard_targetwise_0.50,7.85,7.853704725291055
temporal_targetwise,temporal_targetwise,temporal_targetwise,7.85,7.853705961069357
temporal_targetwise,temporal_targetwise,temporal_targetwise_0.35+hazard_targetwise_0.65,7.85,7.853754844373584
temporal_targetwise,temporal_targetwise,temporal_targetwise_0.20+hazard_targetwise_0.80,7.85,7.853816409569725
temporal_targetwise,temporal_targetwise_0.80+targetwise_0.20,temporal_targetwise,7.85,7.853830798111483
temporal_targetwise,temporal_targetwise_0.80+targetwise_0.20,temporal_targetwise_0.80+hazard_targetwise_0.20,7.85,7.853850937311413
temporal_targetwise,temporal_targetwise_0.80+targetwise_0.20,temporal_targetwise_0.65+hazard_targetwise_0.35,7.85,7.853864491655638
temporal_targetwise,temporal_targetwise_0.80+targetwise_0.20,temporal_targetwise_0.50+hazard_targetwise_0.50,7.85,7.853885503969615
temporal_targetwise,temporal_targetwise,hazard_targetwise,7.85,7.853898496552558
temporal_targetwise,temporal_targetwise_0.80+targetwise_0.20,temporal_targetwise_0.35+hazard_targetwise_0.65,7.85,7.853935623136166
temporal_targetwise,temporal_targetwise_0.80+targetwise_0.20,temporal_targetwise_0.20+hazard_targetwise_0.80,7.85,7.853997188435491
temporal_targetwise,temporal_targetwise_0.65+targetwise_0.35,temporal_targetwise,7.85,7.85403525444992
temporal_targetwise,temporal_targetwise_0.65+targetwise_0.35,temporal_targetwise_0.80+hazard_targetwise_0.20,7.85,7.85405539368802
temporal_targetwise,temporal_targetwise_0.65+targetwise_0.35,temporal_targetwise_0.65+hazard_targetwise_0.35,7.85,7.854070498119081
temporal_targetwise,temporal_targetwise_0.80+targetwise_0.20,hazard_targetwise,7.85,7.854079275555925
temporal_targetwise,temporal_targetwise,temporal_targetwise_0.80+targetwise_0.20,7.85,7.854100984183354
temporal_targetwise,temporal_targetwise_0.65+targetwise_0.35,temporal_targetwise_0.50+hazard_targetwise_0.50,7.85,7.854116149827717
temporal_targetwise,temporal_targetwise_0.65+targetwise_0.35,temporal_targetwise_0.35+hazard_targetwise_0.65,7.85,7.8541820360197745
temporal_targetwise,temporal_targetwise_0.50+targetwise_0.50,temporal_targetwise,7.85,7.8542397111759366
temporal_targetwise,temporal_targetwise_0.65+targetwise_0.35,temporal_targetwise_0.20+hazard_targetwise_0.80,7.85,7.854243601459765
temporal_targetwise,temporal_targetwise_0.80+targetwise_0.20,temporal_targetwise_0.80+targetwise_0.20,7.85,7.854256862234643
temporal_targetwise,temporal_targetwise_0.50+targetwise_0.50,temporal_targetwise_0.80+hazard_targetwise_0.20,7.85,7.854259850452228
temporal_targetwise,temporal_targetwise_0.50+targetwise_0.50,temporal_targetwise_0.65+hazard_targetwise_0.35,7.85,7.854274954911911
temporal_targetwise,temporal_targetwise_0.80+hazard_targetwise_0.20,temporal_targetwise,7.85,7.854297655258469
temporal_targetwise,temporal_targetwise_0.80+hazard_targetwise_0.20,temporal_targetwise_0.65+hazard_targetwise_0.35,7.85,7.854311158464666
temporal_targetwise,temporal_targetwise_0.50+targetwise_0.50,temporal_targetwise_0.50+hazard_targetwise_0.50,7.85,7.854320606707077
temporal_targetwise,temporal_targetwise_0.80+hazard_targetwise_0.20,temporal_targetwise_0.80+hazard_targetwise_0.20,7.85,7.854320693401173
temporal_targetwise,temporal_targetwise_0.65+targetwise_0.35,hazard_targetwise,7.85,7.85432568876776
temporal_targetwise,temporal_targetwise_0.80+hazard_targetwise_0.20,temporal_targetwise_0.50+hazard_targetwise_0.50,7.85,7.854332170865663
temporal_targetwise,temporal_targetwise_0.80+hazard_targetwise_0.20,temporal_targetwise_0.35+hazard_targetwise_0.65,7.85,7.854382290239759
temporal_targetwise,temporal_targetwise_0.50+targetwise_0.50,temporal_targetwise_0.35+hazard_targetwise_0.65,7.85,7.854395365494127
temporal_targetwise,temporal_targetwise_0.80+hazard_targetwise_0.20,temporal_targetwise_0.20+hazard_targetwise_0.80,7.85,7.854443855794058
temporal_targetwise,temporal_targetwise_0.35+targetwise_0.65,temporal_targetwise,7.85,7.854444168289532
temporal_targetwise,temporal_targetwise_0.65+targetwise_0.35,temporal_targetwise_0.80+targetwise_0.20,7.85,7.8544613193807455
temporal_targetwise,temporal_targetwise_0.35+targetwise_0.65,temporal_targetwise_0.80+hazard_targetwise_0.20,7.85,7.854464307603992
temporal_targetwise,temporal_targetwise_0.35+targetwise_0.65,temporal_targetwise_0.65+hazard_targetwise_0.35,7.85,7.854479412092319
temporal_targetwise,temporal_targetwise_0.50+targetwise_0.50,temporal_targetwise_0.20+hazard_targetwise_0.80,7.85,7.85448157049391
temporal_targetwise,base_0.20+temporal_targetwise_0.80,temporal_targetwise_0.65+hazard_targetwise_0.35,7.85,7.854489416324251
temporal_targetwise,base_0.20+temporal_targetwise_0.80,temporal_targetwise_0.80+hazard_targetwise_0.20,7.85,7.854498951276501
temporal_targetwise,base_0.20+temporal_targetwise_0.80,temporal_targetwise_0.50+hazard_targetwise_0.50,7.85,7.854510428759975
temporal_targetwise,base_0.20+temporal_targetwise_0.80,temporal_targetwise,7.85,7.854511664547492
temporal_targetwise,temporal_targetwise_0.35+targetwise_0.65,temporal_targetwise_0.50+hazard_targetwise_0.50,7.85,7.854525063974038
temporal_targetwise,temporal_targetwise_0.80+hazard_targetwise_0.20,hazard_targetwise,7.85,7.8545259432544645
temporal_targetwise,base_0.20+temporal_targetwise_0.80,temporal_targetwise_0.35+hazard_targetwise_0.65,7.85,7.854560548216893
temporal_targetwise,temporal_targetwise_0.50+targetwise_0.50,hazard_targetwise,7.85,7.854572102542545
temporal_targetwise,temporal_targetwise_0.35+targetwise_0.65,temporal_targetwise_0.35+hazard_targetwise_0.65,7.85,7.854599822902797
temporal_targetwise,base_0.20+temporal_targetwise_0.80,temporal_targetwise_0.20+hazard_targetwise_0.80,7.85,7.8546221138729555
temporal_targetwise,temporal_targetwise_0.80+hazard_ridge_0.20,temporal_targetwise,7.85,7.854646284012001
temporal_targetwise,temporal_targetwise_0.50+targetwise_0.50,temporal_targetwise_0.80+targetwise_0.20,7.85,7.854665776914449
temporal_targetwise,temporal_targetwise_0.80+hazard_ridge_0.20,temporal_targetwise_0.80+hazard_targetwise_0.20,7.85,7.854666423364209
temporal_targetwise,temporal_targetwise_0.80+hazard_ridge_0.20,temporal_targetwise_0.65+hazard_targetwise_0.35,7.85,7.8546686891176165
temporal_targetwise,temporal_targetwise_0.35+targetwise_0.65,temporal_targetwise_0.20+hazard_targetwise_0.80,7.85,7.8546860280659825
temporal_targetwise,temporal_targetwise_0.80+hazard_ridge_0.20,temporal_targetwise_0.50+hazard_targetwise_0.50,7.85,7.854689701588269
temporal_targetwise,base_0.20+temporal_targetwise_0.80,hazard_targetwise,7.85,7.854704201469009
temporal_targetwise,temporal_targetwise_0.80+hazard_targetwise_0.20,temporal_targetwise_0.80+targetwise_0.20,7.85,7.854723721225865
temporal_targetwise,temporal_targetwise_0.80+hazard_ridge_0.20,temporal_targetwise_0.35+hazard_targetwise_0.65,7.85,7.85473982112852
temporal_targetwise,temporal_targetwise_0.35+targetwise_0.65,hazard_targetwise,7.85,7.854800968390752
temporal_targetwise,temporal_targetwise_0.80+hazard_ridge_0.20,temporal_targetwise_0.20+hazard_targetwise_0.80,7.85,7.8548013868869
temporal_targetwise,temporal_targetwise_0.35+targetwise_0.65,temporal_targetwise_0.80+targetwise_0.20,7.85,7.854870234835731
temporal_targetwise,temporal_targetwise_0.80+hazard_ridge_0.20,hazard_targetwise,7.85,7.854883474619401
temporal_targetwise,base_0.20+temporal_targetwise_0.80,temporal_targetwise_0.80+targetwise_0.20,7.85,7.854906690612462
temporal_targetwise,temporal_targetwise_0.80+hazard_ridge_0.20,temporal_targetwise_0.80+targetwise_0.20,7.86,7.855072351356629
temporal_targetwise_0.80+temporal_ridge_0.20,temporal_targetwise,temporal_targetwise_0.65+hazard_targetwise_0.35,7.86,7.858106707797519
temporal_targetwise_0.80+temporal_ridge_0.20,temporal_targetwise,temporal_targetwise_0.80+hazard_targetwise_0.20,7.86,7.8581162430695795
temporal_targetwise_0.80+temporal_ridge_0.20,temporal_targetwise,temporal_targetwise_0.50+hazard_targetwise_0.50,7.86,7.8581277209379685
temporal_targetwise_0.80+temporal_ridge_0.20,temporal_targetwise,temporal_targetwise,7.86,7.858128956766963
temporal_targetwise_0.80+temporal_ridge_0.20,temporal_targetwise,temporal_targetwise_0.35+hazard_targetwise_0.65,7.86,7.858177842075853
temporal_targetwise_0.80+temporal_ridge_0.20,temporal_targetwise,temporal_targetwise_0.20+hazard_targetwise_0.80,7.86,7.85823940979673
temporal_targetwise_0.80+temporal_ridge_0.20,temporal_targetwise_0.80+targetwise_0.20,temporal_targetwise,7.86,7.858253798928572
temporal_targetwise_0.80+temporal_ridge_0.20,temporal_targetwise_0.80+targetwise_0.20,temporal_targetwise_0.80+hazard_targetwise_0.20,7.86,7.8582739389543965
temporal_targetwise_0.80+temporal_ridge_0.20,temporal_targetwise_0.80+targetwise_0.20,temporal_targetwise_0.65+hazard_targetwise_0.35,7.86,7.858287493854466
temporal_targetwise_0.80+temporal_ridge_0.20,temporal_targetwise_0.80+targetwise_0.20,temporal_targetwise_0.50+hazard_targetwise_0.50,7.86,7.858308507030154
temporal_targetwise_0.80+temporal_ridge_0.20,temporal_targetwise,hazard_targetwise,7.86,7.858321500145893
temporal_targetwise_0.80+temporal_ridge_0.20,temporal_targetwise_0.80+targetwise_0.20,temporal_targetwise_0.35+hazard_targetwise_0.65,7.86,7.858358628252016
temporal_targetwise_0.80+temporal_ridge_0.20,temporal_targetwise_0.80+targetwise_0.20,temporal_targetwise_0.20+hazard_targetwise_0.80,7.86,7.858420196076099
temporal_targetwise_0.80+temporal_ridge_0.20,temporal_targetwise_0.65+targetwise_0.35,temporal_targetwise,7.86,7.858458263651591
temporal_targetwise_0.80+temporal_ridge_0.20,temporal_targetwise_0.65+targetwise_0.35,temporal_targetwise_0.80+hazard_targetwise_0.20,7.86,7.858478403715585
temporal_targetwise_0.80+temporal_ridge_0.20,temporal_targetwise_0.65+targetwise_0.35,temporal_targetwise_0.65+hazard_targetwise_0.35,7.86,7.858493508766062
temporal_targetwise_0.80+temporal_ridge_0.20,temporal_targetwise_0.80+targetwise_0.20,hazard_targetwise,7.86,7.858502286562863
temporal_targetwise_0.80+temporal_ridge_0.20,temporal_targetwise,temporal_targetwise_0.80+targetwise_0.20,7.86,7.8585239960805575
temporal_targetwise_0.80+temporal_ridge_0.20,temporal_targetwise_0.65+targetwise_0.35,temporal_targetwise_0.50+hazard_targetwise_0.50,7.86,7.858539162346845
temporal_targetwise_0.80+temporal_ridge_0.20,temporal_targetwise_0.65+targetwise_0.35,temporal_targetwise_0.35+hazard_targetwise_0.65,7.86,7.858605051240852
temporal_targetwise_0.80+temporal_ridge_0.20,temporal_targetwise_0.50+targetwise_0.50,temporal_targetwise,7.86,7.858662728762211
temporal_targetwise_0.80+temporal_ridge_0.20,temporal_targetwise_0.65+targetwise_0.35,temporal_targetwise_0.20+hazard_targetwise_0.80,7.86,7.858666619205579
temporal_targetwise_0.80+temporal_ridge_0.20,temporal_targetwise_0.80+targetwise_0.20,temporal_targetwise_0.80+targetwise_0.20,7.86,7.858679880524266
temporal_targetwise_0.80+temporal_ridge_0.20,temporal_targetwise_0.50+targetwise_0.50,temporal_targetwise_0.80+hazard_targetwise_0.20,7.86,7.858682868864397
temporal_targetwise_0.80+temporal_ridge_0.20,temporal_targetwise_0.50+targetwise_0.50,temporal_targetwise_0.65+hazard_targetwise_0.35,7.86,7.858697973943496
temporal_targetwise_0.80+temporal_ridge_0.20,temporal_targetwise_0.50+targetwise_0.50,temporal_targetwise_0.50+hazard_targetwise_0.50,7.86,7.858743627610831
temporal_targetwise_0.80+temporal_ridge_0.20,temporal_targetwise_0.65+targetwise_0.35,hazard_targetwise,7.86,7.858748709879904
temporal_targetwise_0.80+temporal_ridge_0.20,temporal_targetwise_0.80+hazard_targetwise_0.20,temporal_targetwise,7.86,7.858762016522847
temporal_targetwise_0.80+temporal_ridge_0.20,temporal_targetwise_0.80+hazard_targetwise_0.20,temporal_targetwise_0.65+hazard_targetwise_0.35,7.86,7.858775520287997
temporal_targetwise_0.80+temporal_ridge_0.20,temporal_targetwise_0.80+hazard_targetwise_0.20,temporal_targetwise_0.80+hazard_targetwise_0.20,7.86,7.8587850556191885
temporal_targetwise_0.80+temporal_ridge_0.20,temporal_targetwise_0.80+hazard_targetwise_0.20,temporal_targetwise_0.50+hazard_targetwise_0.50,7.86,7.858796533558743
temporal_targetwise_0.80+temporal_ridge_0.20,temporal_targetwise_0.50+targetwise_0.50,temporal_targetwise_0.35+hazard_targetwise_0.65,7.86,7.858818389463673
temporal_targetwise_0.80+temporal_ridge_0.20,temporal_targetwise_0.80+hazard_targetwise_0.20,temporal_targetwise_0.35+hazard_targetwise_0.65,7.86,7.858846655007423
temporal_targetwise_0.80+temporal_ridge_0.20,temporal_targetwise_0.35+targetwise_0.65,temporal_targetwise,7.86,7.858867194260433
temporal_targetwise_0.80+temporal_ridge_0.20,temporal_targetwise_0.65+targetwise_0.35,temporal_targetwise_0.80+targetwise_0.20,7.86,7.858884346054995
temporal_targetwise_0.80+temporal_ridge_0.20,temporal_targetwise_0.35+targetwise_0.65,temporal_targetwise_0.80+hazard_targetwise_0.20,7.86,7.858887334400788
temporal_targetwise_0.80+temporal_ridge_0.20,temporal_targetwise_0.35+targetwise_0.65,temporal_targetwise_0.65+hazard_targetwise_0.35,7.86,7.8589024395085305
temporal_targetwise_0.80+temporal_ridge_0.20,temporal_targetwise_0.50+targetwise_0.50,temporal_targetwise_0.20+hazard_targetwise_0.80,7.86,7.8589045979986505
temporal_targetwise_0.80+temporal_ridge_0.20,temporal_targetwise_0.80+hazard_targetwise_0.20,temporal_targetwise_0.20+hazard_targetwise_0.80,7.86,7.8589082231100615
temporal_targetwise_0.80+temporal_ridge_0.20,temporal_targetwise_0.35+targetwise_0.65,temporal_targetwise_0.50+hazard_targetwise_0.50,7.86,7.858948093262397
temporal_targetwise_0.80+temporal_ridge_0.20,base_0.20+temporal_targetwise_0.80,temporal_targetwise_0.65+hazard_targetwise_0.35,7.86,7.858953785526124
temporal_targetwise_0.80+temporal_ridge_0.20,base_0.20+temporal_targetwise_0.80,temporal_targetwise_0.80+hazard_targetwise_0.20,7.86,7.858963320873058
temporal_targetwise_0.80+temporal_ridge_0.20,base_0.20+temporal_targetwise_0.80,temporal_targetwise_0.50+hazard_targetwise_0.50,7.86,7.858974798831597
temporal_targetwise_0.80+temporal_ridge_0.20,base_0.20+temporal_targetwise_0.80,temporal_targetwise,7.86,7.858976034670273
temporal_targetwise_0.80+temporal_ridge_0.20,temporal_targetwise_0.80+hazard_targetwise_0.20,hazard_targetwise,7.86,7.8589903139682615
temporal_targetwise_0.80+temporal_ridge_0.20,temporal_targetwise_0.50+targetwise_0.50,hazard_targetwise,7.86,7.858995133759938
temporal_targetwise_0.80+temporal_ridge_0.20,temporal_targetwise_0.35+targetwise_0.65,temporal_targetwise_0.35+hazard_targetwise_0.65,7.86,7.85902285525697
temporal_targetwise_0.80+temporal_ridge_0.20,base_0.20+temporal_targetwise_0.80,temporal_targetwise_0.35+hazard_targetwise_0.65,7.86,7.8590249203631
temporal_targetwise_0.80+temporal_ridge_0.20,base_0.20+temporal_targetwise_0.80,temporal_targetwise_0.20+hazard_targetwise_0.80,7.86,7.859086488567502
temporal_targetwise_0.80+temporal_ridge_0.20,temporal_targetwise_0.50+targetwise_0.50,temporal_targetwise_0.80+targetwise_0.20,7.86,7.859088811973347
temporal_targetwise_0.80+temporal_ridge_0.20,temporal_targetwise_0.35+targetwise_0.65,temporal_targetwise_0.20+hazard_targetwise_0.80,7.86,7.859109063955372
temporal_targetwise_0.80+temporal_ridge_0.20,temporal_targetwise_0.80+hazard_ridge_0.20,temporal_targetwise,7.86,7.859110659707014
temporal_targetwise_0.80+temporal_ridge_0.20,temporal_targetwise_0.80+hazard_ridge_0.20,temporal_targetwise_0.80+hazard_targetwise_0.20,7.86,7.859130799892844
temporal_targetwise_0.80+temporal_ridge_0.20,temporal_targetwise_0.80+hazard_ridge_0.20,temporal_targetwise_0.65+hazard_targetwise_0.35,7.86,7.859133065740043
temporal_targetwise_0.80+temporal_ridge_0.20,temporal_targetwise_0.80+hazard_ridge_0.20,temporal_targetwise_0.50+hazard_targetwise_0.50,7.86,7.859154079080444
temporal_targetwise_0.80+temporal_ridge_0.20,base_0.20+temporal_targetwise_0.80,hazard_targetwise,7.86,7.859168579561393
temporal_targetwise_0.80+temporal_ridge_0.20,temporal_targetwise_0.80+hazard_targetwise_0.20,temporal_targetwise_0.80+targetwise_0.20,7.86,7.859188100126202
temporal_targetwise_0.80+temporal_ridge_0.20,temporal_targetwise_0.80+hazard_ridge_0.20,temporal_targetwise_0.35+hazard_targetwise_0.65,7.86,7.859204200695258
temporal_targetwise_0.80+temporal_ridge_0.20,temporal_targetwise_0.35+targetwise_0.65,hazard_targetwise,7.86,7.859224008993748
temporal_targetwise_0.80+temporal_ridge_0.20,temporal_targetwise_0.80+hazard_ridge_0.20,temporal_targetwise_0.20+hazard_targetwise_0.80,7.86,7.859265769002022
temporal_targetwise_0.80+temporal_ridge_0.20,temporal_targetwise_0.35+targetwise_0.65,temporal_targetwise_0.80+targetwise_0.20,7.86,7.859293278279278
temporal_targetwise_0.80+temporal_ridge_0.20,temporal_targetwise_0.80+hazard_ridge_0.20,hazard_targetwise,7.86,7.859347860132337
temporal_targetwise_0.80+temporal_ridge_0.20,base_0.20+temporal_targetwise_0.80,temporal_targetwise_0.80+targetwise_0.20,7.86,7.859371077086363
temporal_targetwise_0.80+temporal_ridge_0.20,temporal_targetwise_0.80+hazard_ridge_0.20,temporal_targetwise_0.80+targetwise_0.20,7.86,7.859536744687645
temporal_targetwise_0.65+temporal_ridge_0.35,temporal_targetwise,temporal_targetwise_0.65+hazard_targetwise_0.35,7.86,7.861915671412989
temporal_targetwise_0.65+temporal_ridge_0.35,temporal_targetwise,temporal_targetwise_0.80+hazard_targetwise_0.20,7.86,7.861925207021758
temporal_targetwise_0.65+temporal_ridge_0.35,temporal_targetwise,temporal_targetwise_0.50+hazard_targetwise_0.50,7.86,7.861936685295512
temporal_targetwise_0.65+temporal_ridge_0.35,temporal_targetwise,temporal_targetwise,7.86,7.861937921168138
temporal_targetwise_0.65+temporal_ridge_0.35,temporal_targetwise,temporal_targetwise_0.35+hazard_targetwise_0.65,7.86,7.861986808203381
temporal_targetwise_0.65+temporal_ridge_0.35,temporal_targetwise,temporal_targetwise_0.20+hazard_targetwise_0.80,7.86,7.862048378098496
temporal_targetwise_0.65+temporal_ridge_0.35,temporal_targetwise_0.80+targetwise_0.20,temporal_targetwise,7.86,7.862062767738465
temporal_targetwise_0.65+temporal_ridge_0.35,temporal_targetwise_0.80+targetwise_0.20,temporal_targetwise_0.80+hazard_targetwise_0.20,7.86,7.862082908475543
temporal_targetwise_0.65+temporal_ridge_0.35,temporal_targetwise_0.80+targetwise_0.20,temporal_targetwise_0.65+hazard_targetwise_0.35,7.86,7.862096463854296
temporal_targetwise_0.65+temporal_ridge_0.35,temporal_targetwise_0.80+targetwise_0.20,temporal_targetwise_0.50+hazard_targetwise_0.50,7.86,7.862117477772057
temporal_targetwise_0.65+temporal_ridge_0.35,temporal_targetwise,hazard_targetwise,7.86,7.862130471346651
temporal_targetwise_0.65+temporal_ridge_0.35,temporal_targetwise_0.80+targetwise_0.20,temporal_targetwise_0.35+hazard_targetwise_0.65,7.86,7.862167600763947
temporal_targetwise_0.65+temporal_ridge_0.35,temporal_targetwise_0.80+targetwise_0.20,temporal_targetwise_0.20+hazard_targetwise_0.80,7.86,7.862229170762269
temporal_targetwise_0.65+temporal_ridge_0.35,temporal_targetwise_0.65+targetwise_0.35,temporal_targetwise,7.86,7.862267239682086
temporal_targetwise_0.65+temporal_ridge_0.35,temporal_targetwise_0.65+targetwise_0.35,temporal_targetwise_0.80+hazard_targetwise_0.20,7.86,7.862287380457333
temporal_targetwise_0.65+temporal_ridge_0.35,temporal_targetwise_0.65+targetwise_0.35,temporal_targetwise_0.65+hazard_targetwise_0.35,7.86,7.862302486041228
temporal_targetwise_0.65+temporal_ridge_0.35,temporal_targetwise_0.80+targetwise_0.20,hazard_targetwise,7.86,7.862311264148025
temporal_targetwise_0.65+temporal_ridge_0.35,temporal_targetwise,temporal_targetwise_0.80+targetwise_0.20,7.86,7.862332974432373
temporal_targetwise_0.65+temporal_ridge_0.35,temporal_targetwise_0.65+targetwise_0.35,temporal_targetwise_0.50+hazard_targetwise_0.50,7.86,7.862348141234254
temporal_targetwise_0.65+temporal_ridge_0.35,temporal_targetwise_0.65+targetwise_0.35,temporal_targetwise_0.35+hazard_targetwise_0.65,7.86,7.8624140324550895
temporal_targetwise_0.65+temporal_ridge_0.35,temporal_targetwise_0.50+targetwise_0.50,temporal_targetwise,7.86,7.862471712013308
temporal_targetwise_0.65+temporal_ridge_0.35,temporal_targetwise_0.65+targetwise_0.35,temporal_targetwise_0.20+hazard_targetwise_0.80,7.86,7.862475602594077
temporal_targetwise_0.65+temporal_ridge_0.35,temporal_targetwise_0.80+targetwise_0.20,temporal_targetwise_0.80+targetwise_0.20,7.86,7.862488864381079
temporal_targetwise_0.65+temporal_ridge_0.35,temporal_targetwise_0.50+targetwise_0.50,temporal_targetwise_0.80+hazard_targetwise_0.20,7.86,7.862491852826725
temporal_targetwise_0.65+temporal_ridge_0.35,temporal_targetwise_0.50+targetwise_0.50,temporal_targetwise_0.65+hazard_targetwise_0.35,7.86,7.862506958439264
temporal_targetwise_0.65+temporal_ridge_0.35,temporal_targetwise_0.50+targetwise_0.50,temporal_targetwise_0.50+hazard_targetwise_0.50,7.86,7.862552613718843
temporal_targetwise_0.65+temporal_ridge_0.35,temporal_targetwise_0.65+targetwise_0.35,hazard_targetwise,7.86,7.862557696167394
temporal_targetwise_0.65+temporal_ridge_0.35,temporal_targetwise_0.50+targetwise_0.50,temporal_targetwise_0.35+hazard_targetwise_0.65,7.86,7.862627378211862
temporal_targetwise_0.65+temporal_ridge_0.35,temporal_targetwise_0.35+targetwise_0.65,temporal_targetwise,7.86,7.862676184732131
temporal_targetwise_0.65+temporal_ridge_0.35,temporal_targetwise_0.65+targetwise_0.35,temporal_targetwise_0.80+targetwise_0.20,7.86,7.8626933371324315
temporal_targetwise_0.65+temporal_ridge_0.35,temporal_targetwise_0.35+targetwise_0.65,temporal_targetwise_0.80+hazard_targetwise_0.20,7.86,7.86269632558374
temporal_targetwise_0.65+temporal_ridge_0.35,temporal_targetwise_0.35+targetwise_0.65,temporal_targetwise_0.65+hazard_targetwise_0.35,7.86,7.862711431224922
temporal_targetwise_0.65+temporal_ridge_0.35,temporal_targetwise_0.50+targetwise_0.50,temporal_targetwise_0.20+hazard_targetwise_0.80,7.86,7.862713589791248
temporal_targetwise_0.80+hazard_targetwise_0.20,temporal_targetwise,temporal_targetwise_0.65+hazard_targetwise_0.35,7.86,7.8627199762943745
temporal_targetwise_0.80+hazard_targetwise_0.20,temporal_targetwise,temporal_targetwise_0.80+hazard_targetwise_0.20,7.86,7.862729511974265
temporal_targetwise_0.80+hazard_targetwise_0.20,temporal_targetwise,temporal_targetwise_0.50+hazard_targetwise_0.50,7.86,7.862740990333594
temporal_targetwise_0.80+hazard_targetwise_0.20,temporal_targetwise,temporal_targetwise,7.86,7.862742226215436
temporal_targetwise_0.65+temporal_ridge_0.35,temporal_targetwise_0.35+targetwise_0.65,temporal_targetwise_0.50+hazard_targetwise_0.50,7.86,7.862757086591032
temporal_targetwise_0.80+targetwise_0.20,temporal_targetwise,temporal_targetwise_0.65+hazard_targetwise_0.35,7.86,7.862762545155477
temporal_targetwise_0.80+targetwise_0.20,temporal_targetwise,temporal_targetwise_0.80+hazard_targetwise_0.20,7.86,7.862772080839142
temporal_targetwise_0.80+targetwise_0.20,temporal_targetwise,temporal_targetwise_0.50+hazard_targetwise_0.50,7.86,7.862783559202979
temporal_targetwise_0.80+targetwise_0.20,temporal_targetwise,temporal_targetwise,7.86,7.862784795085331
temporal_targetwise_0.80+hazard_targetwise_0.20,temporal_targetwise,temporal_targetwise_0.35+hazard_targetwise_0.65,7.86,7.862791113615231
temporal_targetwise_0.65+temporal_ridge_0.35,temporal_targetwise_0.50+targetwise_0.50,hazard_targetwise,7.86,7.8628041287497785
temporal_targetwise_0.65+temporal_ridge_0.35,temporal_targetwise_0.35+targetwise_0.65,temporal_targetwise_0.35+hazard_targetwise_0.65,7.86,7.862831851225782
temporal_targetwise_0.80+targetwise_0.20,temporal_targetwise,temporal_targetwise_0.35+hazard_targetwise_0.65,7.86,7.8628336825044
temporal_targetwise_0.80+hazard_targetwise_0.20,temporal_targetwise,temporal_targetwise_0.20+hazard_targetwise_0.80,7.86,7.862852683969446
temporal_targetwise_0.65+temporal_ridge_0.35,temporal_targetwise_0.80+hazard_targetwise_0.20,temporal_targetwise,7.86,7.86285471630126
temporal_targetwise_0.80+hazard_targetwise_0.20,temporal_targetwise_0.80+targetwise_0.20,temporal_targetwise,7.86,7.862867073716728
temporal_targetwise_0.65+temporal_ridge_0.35,temporal_targetwise_0.80+hazard_targetwise_0.20,temporal_targetwise_0.65+hazard_targetwise_0.35,7.86,7.8628682205788
temporal_targetwise_0.65+temporal_ridge_0.35,temporal_targetwise_0.80+hazard_targetwise_0.20,temporal_targetwise_0.80+hazard_targetwise_0.20,7.86,7.862877756271791
temporal_targetwise_0.80+hazard_targetwise_0.20,temporal_targetwise_0.80+targetwise_0.20,temporal_targetwise_0.80+hazard_targetwise_0.20,7.86,7.862887214603975
temporal_targetwise_0.65+temporal_ridge_0.35,temporal_targetwise_0.80+hazard_targetwise_0.20,temporal_targetwise_0.50+hazard_targetwise_0.50,7.86,7.862889234646886
temporal_targetwise_0.80+targetwise_0.20,temporal_targetwise,temporal_targetwise_0.20+hazard_targetwise_0.80,7.86,7.862895252882929
temporal_targetwise_0.65+temporal_ridge_0.35,temporal_targetwise_0.50+targetwise_0.50,temporal_targetwise_0.80+targetwise_0.20,7.86,7.862897810271385
temporal_targetwise_0.80+hazard_targetwise_0.20,temporal_targetwise_0.80+targetwise_0.20,temporal_targetwise_0.65+hazard_targetwise_0.35,7.86,7.862900770083825
temporal_targetwise_0.80+targetwise_0.20,temporal_targetwise_0.80+targetwise_0.20,temporal_targetwise,7.86,7.862909642635896
temporal_targetwise_0.65+temporal_ridge_0.35,temporal_targetwise_0.35+targetwise_0.65,temporal_targetwise_0.20+hazard_targetwise_0.80,7.86,7.862918062968616
temporal_targetwise_0.80+hazard_targetwise_0.20,temporal_targetwise_0.80+targetwise_0.20,temporal_targetwise_0.50+hazard_targetwise_0.50,7.86,7.862921784158261
temporal_targetwise_0.80+targetwise_0.20,temporal_targetwise_0.80+targetwise_0.20,temporal_targetwise_0.80+hazard_targetwise_0.20,7.86,7.862929783531092
temporal_targetwise_0.80+hazard_targetwise_0.20,temporal_targetwise,hazard_targetwise,7.86,7.862934777829755
temporal_targetwise_0.65+temporal_ridge_0.35,temporal_targetwise_0.80+hazard_targetwise_0.20,temporal_targetwise_0.35+hazard_targetwise_0.65,7.86,7.862939357997423
temporal_targetwise_0.80+targetwise_0.20,temporal_targetwise_0.80+targetwise_0.20,temporal_targetwise_0.65+hazard_targetwise_0.35,7.86,7.862943339016293
temporal_targetwise_0.80+targetwise_0.20,temporal_targetwise_0.80+targetwise_0.20,temporal_targetwise_0.50+hazard_targetwise_0.50,7.86,7.862964353099033
temporal_targetwise_0.80+hazard_targetwise_0.20,temporal_targetwise_0.80+targetwise_0.20,temporal_targetwise_0.35+hazard_targetwise_0.65,7.86,7.862971907523919
temporal_targetwise_0.80+targetwise_0.20,temporal_targetwise,hazard_targetwise,7.86,7.862977346775657
temporal_targetwise_0.65+temporal_ridge_0.35,temporal_targetwise_0.80+hazard_targetwise_0.20,temporal_targetwise_0.20+hazard_targetwise_0.80,7.86,7.863000928436281
temporal_targetwise_0.80+targetwise_0.20,temporal_targetwise_0.80+targetwise_0.20,temporal_targetwise_0.35+hazard_targetwise_0.65,7.86,7.863014476484453
temporal_targetwise_0.65+temporal_ridge_0.35,temporal_targetwise_0.35+targetwise_0.65,hazard_targetwise,7.86,7.863033012066212
temporal_targetwise_0.80+hazard_targetwise_0.20,temporal_targetwise_0.80+targetwise_0.20,temporal_targetwise_0.20+hazard_targetwise_0.80,7.86,7.8630334779813404
temporal_targetwise_0.65+temporal_ridge_0.35,base_0.20+temporal_targetwise_0.80,temporal_targetwise_0.65+hazard_targetwise_0.35,7.86,7.863046492581183
temporal_targetwise_0.65+temporal_ridge_0.35,base_0.20+temporal_targetwise_0.80,temporal_targetwise_0.80+hazard_targetwise_0.20,7.86,7.863056028289939
temporal_targetwise_0.65+temporal_ridge_0.35,base_0.20+temporal_targetwise_0.80,temporal_targetwise_0.50+hazard_targetwise_0.50,7.86,7.863067506684018
temporal_targetwise_0.65+temporal_ridge_0.35,base_0.20+temporal_targetwise_0.80,temporal_targetwise,7.86,7.86306874256959
temporal_targetwise_0.80+hazard_targetwise_0.20,temporal_targetwise_0.65+targetwise_0.35,temporal_targetwise,7.86,7.863071547185041
temporal_targetwise_0.80+targetwise_0.20,temporal_targetwise_0.80+targetwise_0.20,temporal_targetwise_0.20+hazard_targetwise_0.80,7.86,7.863076046966189
temporal_targetwise_0.65+temporal_ridge_0.35,temporal_targetwise_0.80+hazard_targetwise_0.20,hazard_targetwise,7.86,7.863083022409412
temporal_targetwise_0.80+hazard_targetwise_0.20,temporal_targetwise_0.65+targetwise_0.35,temporal_targetwise_0.80+hazard_targetwise_0.20,7.86,7.8630916881104795
temporal_targetwise_0.65+temporal_ridge_0.35,temporal_targetwise_0.35+targetwise_0.65,temporal_targetwise_0.80+targetwise_0.20,7.86,7.8631022837979625
temporal_targetwise_0.80+hazard_targetwise_0.20,temporal_targetwise_0.65+targetwise_0.35,temporal_targetwise_0.65+hazard_targetwise_0.35,7.86,7.863106793807018
temporal_targetwise_0.80+targetwise_0.20,temporal_targetwise_0.65+targetwise_0.35,temporal_targetwise,7.86,7.863114116184899
temporal_targetwise_0.80+hazard_targetwise_0.20,temporal_targetwise_0.80+targetwise_0.20,hazard_targetwise,7.86,7.863115571979251
temporal_targetwise_0.65+temporal_ridge_0.35,base_0.20+temporal_targetwise_0.80,temporal_targetwise_0.35+hazard_targetwise_0.65,7.86,7.863117630117378
temporal_targetwise_0.80+targetwise_0.20,temporal_targetwise_0.65+targetwise_0.35,temporal_targetwise_0.80+hazard_targetwise_0.20,7.86,7.863134257118287
temporal_targetwise_0.80+hazard_targetwise_0.20,temporal_targetwise,temporal_targetwise_0.80+targetwise_0.20,7.86,7.863137282425492
temporal_targetwise_0.80+targetwise_0.20,temporal_targetwise_0.65+targetwise_0.35,temporal_targetwise_0.65+hazard_targetwise_0.35,7.86,7.863149362820798
temporal_targetwise_0.80+hazard_targetwise_0.20,temporal_targetwise_0.65+targetwise_0.35,temporal_targetwise_0.50+hazard_targetwise_0.50,7.86,7.8631524493404825
temporal_targetwise_0.80+targetwise_0.20,temporal_targetwise_0.80+targetwise_0.20,hazard_targetwise,7.86,7.863158140996496
temporal_targetwise_0.65+temporal_ridge_0.35,base_0.20+temporal_targetwise_0.80,temporal_targetwise_0.20+hazard_targetwise_0.80,7.86,7.863179200657999
temporal_targetwise_0.80+targetwise_0.20,temporal_targetwise,temporal_targetwise_0.80+targetwise_0.20,7.86,7.863179851451307
temporal_targetwise_0.80+targetwise_0.20,temporal_targetwise_0.65+targetwise_0.35,temporal_targetwise_0.50+hazard_targetwise_0.50,7.86,7.863195018372271
base_0.20+temporal_targetwise_0.80,temporal_targetwise,temporal_targetwise_0.65+hazard_targetwise_0.35,7.86,7.863198915032155
temporal_targetwise_0.65+temporal_ridge_0.35,temporal_targetwise_0.80+hazard_ridge_0.20,temporal_targetwise,7.86,7.863203372714667
base_0.20+temporal_targetwise_0.80,temporal_targetwise,temporal_targetwise_0.80+hazard_targetwise_0.20,7.86,7.863208450754389
temporal_targetwise_0.80+hazard_targetwise_0.20,temporal_targetwise_0.65+targetwise_0.35,temporal_targetwise_0.35+hazard_targetwise_0.65,7.86,7.863218341052658
base_0.20+temporal_targetwise_0.80,temporal_targetwise,temporal_targetwise_0.50+hazard_targetwise_0.50,7.86,7.8632199291647
base_0.20+temporal_targetwise_0.80,temporal_targetwise,temporal_targetwise,7.86,7.863221165052026
temporal_targetwise_0.65+temporal_ridge_0.35,temporal_targetwise_0.80+hazard_ridge_0.20,temporal_targetwise_0.80+hazard_targetwise_0.20,7.86,7.863223513664708
temporal_targetwise_0.65+temporal_ridge_0.35,temporal_targetwise_0.80+hazard_ridge_0.20,temporal_targetwise_0.65+hazard_targetwise_0.35,7.86,7.863225779597882
temporal_targetwise_0.65+temporal_ridge_0.35,temporal_targetwise_0.80+hazard_ridge_0.20,temporal_targetwise_0.50+hazard_targetwise_0.50,7.86,7.863246793735645
temporal_targetwise_0.80+targetwise_0.20,temporal_targetwise_0.65+targetwise_0.35,temporal_targetwise_0.35+hazard_targetwise_0.65,7.86,7.863260910110448
temporal_targetwise_0.65+temporal_ridge_0.35,base_0.20+temporal_targetwise_0.80,hazard_targetwise,7.86,7.863261294766799
base_0.20+temporal_targetwise_0.80,temporal_targetwise,temporal_targetwise_0.35+hazard_targetwise_0.65,7.86,7.8632700526688915
temporal_targetwise_0.80+hazard_targetwise_0.20,temporal_targetwise_0.50+targetwise_0.50,temporal_targetwise,7.86,7.863276021040977
temporal_targetwise_0.80+hazard_targetwise_0.20,temporal_targetwise_0.65+targetwise_0.35,temporal_targetwise_0.20+hazard_targetwise_0.80,7.86,7.863279911650745
temporal_targetwise_0.65+temporal_ridge_0.35,temporal_targetwise_0.80+hazard_targetwise_0.20,temporal_targetwise_0.80+targetwise_0.20,7.86,7.863280816072349
temporal_targetwise_0.80+hazard_targetwise_0.20,temporal_targetwise_0.80+targetwise_0.20,temporal_targetwise_0.80+targetwise_0.20,7.86,7.863293173536645
temporal_targetwise_0.80+hazard_targetwise_0.20,temporal_targetwise_0.50+targetwise_0.50,temporal_targetwise_0.80+hazard_targetwise_0.20,7.86,7.863296162004585
temporal_targetwise_0.65+temporal_ridge_0.35,temporal_targetwise_0.80+hazard_ridge_0.20,temporal_targetwise_0.35+hazard_targetwise_0.65,7.86,7.863296917252338
temporal_targetwise_0.80+hazard_targetwise_0.20,temporal_targetwise_0.50+targetwise_0.50,temporal_targetwise_0.65+hazard_targetwise_0.35,7.86,7.863311267729767
temporal_targetwise_0.80+targetwise_0.20,temporal_targetwise_0.50+targetwise_0.50,temporal_targetwise,7.86,7.863318590121526
temporal_targetwise_0.80+targetwise_0.20,temporal_targetwise_0.65+targetwise_0.35,temporal_targetwise_0.20+hazard_targetwise_0.80,7.86,7.863322480732848
base_0.20+temporal_targetwise_0.80,temporal_targetwise,temporal_targetwise_0.20+hazard_targetwise_0.80,7.86,7.86333162329651
temporal_targetwise_0.80+hazard_targetwise_0.20,temporal_targetwise_0.80+hazard_targetwise_0.20,temporal_targetwise,7.86,7.863333969978203
temporal_targetwise_0.80+targetwise_0.20,temporal_targetwise_0.80+targetwise_0.20,temporal_targetwise_0.80+targetwise_0.20,7.86,7.863335742623967
temporal_targetwise_0.80+targetwise_0.20,temporal_targetwise_0.50+targetwise_0.50,temporal_targetwise_0.80+hazard_targetwise_0.20,7.86,7.863338731093106
base_0.20+temporal_targetwise_0.80,temporal_targetwise_0.80+targetwise_0.20,temporal_targetwise,7.86,7.863346013107675
temporal_targetwise_0.80+hazard_targetwise_0.20,temporal_targetwise_0.80+hazard_targetwise_0.20,temporal_targetwise_0.65+hazard_targetwise_0.35,7.86,7.863347474315763
temporal_targetwise_0.80+targetwise_0.20,temporal_targetwise_0.50+targetwise_0.50,temporal_targetwise_0.65+hazard_targetwise_0.35,7.86,7.863353836824238
temporal_targetwise_0.80+hazard_targetwise_0.20,temporal_targetwise_0.50+targetwise_0.50,temporal_targetwise_0.50+hazard_targetwise_0.50,7.86,7.863356923349762
temporal_targetwise_0.80+hazard_targetwise_0.20,temporal_targetwise_0.80+hazard_targetwise_0.20,temporal_targetwise_0.80+hazard_targetwise_0.20,7.86,7.86335701005112
temporal_targetwise_0.65+temporal_ridge_0.35,temporal_targetwise_0.80+hazard_ridge_0.20,temporal_targetwise_0.20+hazard_targetwise_0.80,7.86,7.8633584878953
temporal_targetwise_0.80+hazard_targetwise_0.20,temporal_targetwise_0.65+targetwise_0.35,hazard_targetwise,7.86,7.863362005836216
base_0.20+temporal_targetwise_0.80,temporal_targetwise_0.80+targetwise_0.20,temporal_targetwise_0.80+hazard_targetwise_0.20,7.86,7.863366154084361
temporal_targetwise_0.80+hazard_targetwise_0.20,temporal_targetwise_0.80+hazard_targetwise_0.20,temporal_targetwise_0.50+hazard_targetwise_0.50,7.86,7.86336848847724
temporal_targetwise_0.80+targetwise_0.20,temporal_targetwise_0.80+hazard_targetwise_0.20,temporal_targetwise,7.86,7.863376539081646
base_0.20+temporal_targetwise_0.80,temporal_targetwise_0.80+targetwise_0.20,temporal_targetwise_0.65+hazard_targetwise_0.35,7.86,7.863379709624385
temporal_targetwise_0.80+targetwise_0.20,temporal_targetwise_0.80+hazard_targetwise_0.20,temporal_targetwise_0.65+hazard_targetwise_0.35,7.86,7.863390043424512
temporal_targetwise_0.80+targetwise_0.20,temporal_targetwise_0.50+targetwise_0.50,temporal_targetwise_0.50+hazard_targetwise_0.50,7.86,7.863399492462264
temporal_targetwise_0.80+targetwise_0.20,temporal_targetwise_0.80+hazard_targetwise_0.20,temporal_targetwise_0.80+hazard_targetwise_0.20,7.86,7.8633995791636435
base_0.20+temporal_targetwise_0.80,temporal_targetwise_0.80+targetwise_0.20,temporal_targetwise_0.50+hazard_targetwise_0.50,7.86,7.863400723792147
temporal_targetwise_0.80+targetwise_0.20,temporal_targetwise_0.65+targetwise_0.35,hazard_targetwise,7.86,7.863404574950716
temporal_targetwise_0.80+targetwise_0.20,temporal_targetwise_0.80+hazard_targetwise_0.20,temporal_targetwise_0.50+hazard_targetwise_0.50,7.86,7.863411057594294
base_0.20+temporal_targetwise_0.80,temporal_targetwise,hazard_targetwise,7.86,7.863413717521328
temporal_targetwise_0.80+hazard_targetwise_0.20,temporal_targetwise_0.80+hazard_targetwise_0.20,temporal_targetwise_0.35+hazard_targetwise_0.65,7.86,7.863418612050466
temporal_targetwise_0.80+hazard_targetwise_0.20,temporal_targetwise_0.50+targetwise_0.50,temporal_targetwise_0.35+hazard_targetwise_0.65,7.86,7.863431688400291
temporal_targetwise_0.65+temporal_ridge_0.35,temporal_targetwise_0.80+hazard_ridge_0.20,hazard_targetwise,7.86,7.863440582140568
base_0.20+temporal_targetwise_0.80,temporal_targetwise_0.80+targetwise_0.20,temporal_targetwise_0.35+hazard_targetwise_0.65,7.86,7.86345084738036
temporal_targetwise_0.80+targetwise_0.20,temporal_targetwise_0.80+hazard_targetwise_0.20,temporal_targetwise_0.35+hazard_targetwise_0.65,7.86,7.863461181187303
temporal_targetwise_0.65+temporal_ridge_0.35,base_0.20+temporal_targetwise_0.80,temporal_targetwise_0.80+targetwise_0.20,7.86,7.863463799975556
temporal_targetwise_0.80+targetwise_0.20,temporal_targetwise_0.50+targetwise_0.50,temporal_targetwise_0.35+hazard_targetwise_0.65,7.86,7.863474257542302
temporal_targetwise_0.80+hazard_targetwise_0.20,temporal_targetwise_0.80+hazard_targetwise_0.20,temporal_targetwise_0.20+hazard_targetwise_0.80,7.86,7.863480182762883
temporal_targetwise_0.80+hazard_targetwise_0.20,temporal_targetwise_0.35+targetwise_0.65,temporal_targetwise,7.86,7.863480495284514
temporal_targetwise_0.80+hazard_targetwise_0.20,temporal_targetwise_0.65+targetwise_0.35,temporal_targetwise_0.80+targetwise_0.20,7.86,7.863497647812712
temporal_targetwise_0.80+hazard_targetwise_0.20,temporal_targetwise_0.35+targetwise_0.65,temporal_targetwise_0.80+hazard_targetwise_0.20,7.86,7.863500636286314
base_0.20+temporal_targetwise_0.80,temporal_targetwise_0.80+targetwise_0.20,temporal_targetwise_0.20+hazard_targetwise_0.80,7.86,7.863512418111185
temporal_targetwise_0.80+hazard_targetwise_0.20,temporal_targetwise_0.35+targetwise_0.65,temporal_targetwise_0.65+hazard_targetwise_0.35,7.86,7.863515742040117
temporal_targetwise_0.80+hazard_targetwise_0.20,temporal_targetwise_0.50+targetwise_0.50,temporal_targetwise_0.20+hazard_targetwise_0.80,7.86,7.863517900622563
temporal_targetwise_0.80+targetwise_0.20,temporal_targetwise_0.80+hazard_targetwise_0.20,temporal_targetwise_0.20+hazard_targetwise_0.80,7.86,7.8635227519240125
temporal_targetwise_0.80+targetwise_0.20,temporal_targetwise_0.35+targetwise_0.65,temporal_targetwise,7.86,7.8635230644457765
temporal_targetwise_0.80+hazard_targetwise_0.20,base_0.20+temporal_targetwise_0.80,temporal_targetwise_0.65+hazard_targetwise_0.35,7.86,7.863525747110245
temporal_targetwise_0.80+hazard_targetwise_0.20,base_0.20+temporal_targetwise_0.80,temporal_targetwise_0.80+hazard_targetwise_0.20,7.86,7.863535282861367
temporal_targetwise_0.80+targetwise_0.20,temporal_targetwise_0.65+targetwise_0.35,temporal_targetwise_0.80+targetwise_0.20,7.86,7.8635402169807245
temporal_targetwise_0.80+targetwise_0.20,temporal_targetwise_0.35+targetwise_0.65,temporal_targetwise_0.80+hazard_targetwise_0.20,7.86,7.863543205455525
temporal_targetwise_0.80+hazard_targetwise_0.20,base_0.20+temporal_targetwise_0.80,temporal_targetwise_0.50+hazard_targetwise_0.50,7.86,7.863546761306428
temporal_targetwise_0.80+hazard_targetwise_0.20,base_0.20+temporal_targetwise_0.80,temporal_targetwise,7.86,7.863547997197506
base_0.20+temporal_targetwise_0.80,temporal_targetwise_0.65+targetwise_0.35,temporal_targetwise,7.86,7.863550487483906
temporal_targetwise_0.80+targetwise_0.20,temporal_targetwise_0.35+targetwise_0.65,temporal_targetwise_0.65+hazard_targetwise_0.35,7.86,7.863558311215302
temporal_targetwise_0.80+targetwise_0.20,temporal_targetwise_0.50+targetwise_0.50,temporal_targetwise_0.20+hazard_targetwise_0.80,7.86,7.8635604697985695
temporal_targetwise_0.80+hazard_targetwise_0.20,temporal_targetwise_0.35+targetwise_0.65,temporal_targetwise_0.50+hazard_targetwise_0.50,7.86,7.863561397746688
temporal_targetwise_0.80+hazard_targetwise_0.20,temporal_targetwise_0.80+hazard_targetwise_0.20,hazard_targetwise,7.86,7.863562277100766
temporal_targetwise_0.80+targetwise_0.20,base_0.20+temporal_targetwise_0.80,temporal_targetwise_0.65+hazard_targetwise_0.35,7.86,7.86356831628936
base_0.20+temporal_targetwise_0.80,temporal_targetwise_0.65+targetwise_0.35,temporal_targetwise_0.80+hazard_targetwise_0.20,7.86,7.863570628498784
temporal_targetwise_0.80+targetwise_0.20,base_0.20+temporal_targetwise_0.80,temporal_targetwise_0.80+hazard_targetwise_0.20,7.86,7.863577852044257
base_0.20+temporal_targetwise_0.80,temporal_targetwise_0.65+targetwise_0.35,temporal_targetwise_0.65+hazard_targetwise_0.35,7.86,7.863585734262379
temporal_targetwise_0.80+targetwise_0.20,base_0.20+temporal_targetwise_0.80,temporal_targetwise_0.50+hazard_targetwise_0.50,7.86,7.863589330493848
temporal_targetwise_0.80+targetwise_0.20,base_0.20+temporal_targetwise_0.80,temporal_targetwise,7.86,7.863590566385414
base_0.20+temporal_targetwise_0.80,temporal_targetwise_0.80+targetwise_0.20,hazard_targetwise,7.86,7.863594512473604
temporal_targetwise_0.80+hazard_targetwise_0.20,base_0.20+temporal_targetwise_0.80,temporal_targetwise_0.35+hazard_targetwise_0.65,7.86,7.86359688496252
temporal_targetwise_0.80+targetwise_0.20,temporal_targetwise_0.35+targetwise_0.65,temporal_targetwise_0.50+hazard_targetwise_0.50,7.86,7.8636039669398805
temporal_targetwise_0.80+targetwise_0.20,temporal_targetwise_0.80+hazard_targetwise_0.20,hazard_targetwise,7.86,7.863604846294314
temporal_targetwise_0.80+hazard_targetwise_0.20,temporal_targetwise_0.50+targetwise_0.50,hazard_targetwise,7.86,7.86360844025622
base_0.20+temporal_targetwise_0.80,temporal_targetwise,temporal_targetwise_0.80+targetwise_0.20,7.86,7.863616223016234
temporal_targetwise_0.65+temporal_ridge_0.35,temporal_targetwise_0.80+hazard_ridge_0.20,temporal_targetwise_0.80+targetwise_0.20,7.86,7.8636294738630985
base_0.20+temporal_targetwise_0.80,temporal_targetwise_0.65+targetwise_0.35,temporal_targetwise_0.50+hazard_targetwise_0.50,7.86,7.863631389998571
temporal_targetwise_0.80+hazard_targetwise_0.20,temporal_targetwise_0.35+targetwise_0.65,temporal_targetwise_0.35+hazard_targetwise_0.65,7.86,7.863636162938947
temporal_targetwise_0.80+targetwise_0.20,base_0.20+temporal_targetwise_0.80,temporal_targetwise_0.35+hazard_targetwise_0.65,7.86,7.863639454169702
temporal_targetwise_0.80+targetwise_0.20,temporal_targetwise_0.50+targetwise_0.50,hazard_targetwise,7.86,7.8636510094679535
temporal_targetwise_0.80+hazard_targetwise_0.20,base_0.20+temporal_targetwise_0.80,temporal_targetwise_0.20+hazard_targetwise_0.80,7.86,7.863658455776701
temporal_targetwise_0.80+targetwise_0.20,temporal_targetwise_0.35+targetwise_0.65,temporal_targetwise_0.35+hazard_targetwise_0.65,7.86,7.86367873216165
temporal_targetwise_0.80+hazard_targetwise_0.20,temporal_targetwise_0.80+hazard_ridge_0.20,temporal_targetwise,7.86,7.863682627940771
base_0.20+temporal_targetwise_0.80,temporal_targetwise_0.65+targetwise_0.35,temporal_targetwise_0.35+hazard_targetwise_0.65,7.86,7.863697282003312
temporal_targetwise_0.80+targetwise_0.20,base_0.20+temporal_targetwise_0.80,temporal_targetwise_0.20+hazard_targetwise_0.80,7.86,7.863701025008196
temporal_targetwise_0.80+hazard_targetwise_0.20,temporal_targetwise_0.50+targetwise_0.50,temporal_targetwise_0.80+targetwise_0.20,7.86,7.863702122476379
temporal_targetwise_0.80+hazard_targetwise_0.20,temporal_targetwise_0.80+hazard_ridge_0.20,temporal_targetwise_0.80+hazard_targetwise_0.20,7.86,7.863702768980296
temporal_targetwise_0.80+hazard_targetwise_0.20,temporal_targetwise_0.80+hazard_ridge_0.20,temporal_targetwise_0.65+hazard_targetwise_0.35,7.86,7.8637050349235516
temporal_targetwise_0.80+hazard_targetwise_0.20,temporal_targetwise_0.35+targetwise_0.65,temporal_targetwise_0.20+hazard_targetwise_0.80,7.86,7.863722375324622
temporal_targetwise_0.80+targetwise_0.20,temporal_targetwise_0.80+hazard_ridge_0.20,temporal_targetwise,7.86,7.863725197181792
temporal_targetwise_0.80+hazard_targetwise_0.20,temporal_targetwise_0.80+hazard_ridge_0.20,temporal_targetwise_0.50+hazard_targetwise_0.50,7.86,7.8637260491546845
temporal_targetwise_0.80+hazard_targetwise_0.20,base_0.20+temporal_targetwise_0.80,hazard_targetwise,7.86,7.8637405502502755
temporal_targetwise_0.80+targetwise_0.20,temporal_targetwise_0.50+targetwise_0.50,temporal_targetwise_0.80+targetwise_0.20,7.86,7.863744691725105
temporal_targetwise_0.80+targetwise_0.20,temporal_targetwise_0.80+hazard_ridge_0.20,temporal_targetwise_0.80+hazard_targetwise_0.20,7.86,7.863745338229289
temporal_targetwise_0.80+targetwise_0.20,temporal_targetwise_0.80+hazard_ridge_0.20,temporal_targetwise_0.65+hazard_targetwise_0.35,7.86,7.863747604173432
base_0.20+temporal_targetwise_0.80,temporal_targetwise_0.50+targetwise_0.50,temporal_targetwise,7.86,7.86375496224776
base_0.20+temporal_targetwise_0.80,temporal_targetwise_0.65+targetwise_0.35,temporal_targetwise_0.20+hazard_targetwise_0.80,7.86,7.863758852874825
temporal_targetwise_0.80+hazard_targetwise_0.20,temporal_targetwise_0.80+hazard_targetwise_0.20,temporal_targetwise_0.80+targetwise_0.20,7.86,7.863760071642534
temporal_targetwise_0.80+targetwise_0.20,temporal_targetwise_0.35+targetwise_0.65,temporal_targetwise_0.20+hazard_targetwise_0.80,7.86,7.863764944581342
temporal_targetwise_0.80+targetwise_0.20,temporal_targetwise_0.80+hazard_ridge_0.20,temporal_targetwise_0.50+hazard_targetwise_0.50,7.86,7.8637686184128475
base_0.20+temporal_targetwise_0.80,temporal_targetwise_0.80+targetwise_0.20,temporal_targetwise_0.80+targetwise_0.20,7.86,7.863772114819589
base_0.20+temporal_targetwise_0.80,temporal_targetwise_0.50+targetwise_0.50,temporal_targetwise_0.80+hazard_targetwise_0.20,7.86,7.863775103300807
temporal_targetwise_0.80+hazard_targetwise_0.20,temporal_targetwise_0.80+hazard_ridge_0.20,temporal_targetwise_0.35+hazard_targetwise_0.65,7.86,7.863776172894066
temporal_targetwise_0.80+targetwise_0.20,base_0.20+temporal_targetwise_0.80,hazard_targetwise,7.86,7.863783119514167
base_0.20+temporal_targetwise_0.80,temporal_targetwise_0.50+targetwise_0.50,temporal_targetwise_0.65+hazard_targetwise_0.35,7.86,7.863790209093047
temporal_targetwise_0.80+targetwise_0.20,temporal_targetwise_0.80+hazard_targetwise_0.20,temporal_targetwise_0.80+targetwise_0.20,7.86,7.86380264091413
base_0.20+temporal_targetwise_0.80,temporal_targetwise_0.80+hazard_targetwise_0.20,temporal_targetwise,7.86,7.863812911442314
temporal_targetwise_0.80+targetwise_0.20,temporal_targetwise_0.80+hazard_ridge_0.20,temporal_targetwise_0.35+hazard_targetwise_0.65,7.86,7.863818742172013
base_0.20+temporal_targetwise_0.80,temporal_targetwise_0.80+hazard_targetwise_0.20,temporal_targetwise_0.65+hazard_targetwise_0.35,7.86,7.863826415839825
base_0.20+temporal_targetwise_0.80,temporal_targetwise_0.50+targetwise_0.50,temporal_targetwise_0.50+hazard_targetwise_0.50,7.86,7.863835864915791
base_0.20+temporal_targetwise_0.80,temporal_targetwise_0.80+hazard_targetwise_0.20,temporal_targetwise_0.80+hazard_targetwise_0.20,7.86,7.863835951617526
temporal_targetwise_0.80+hazard_targetwise_0.20,temporal_targetwise_0.35+targetwise_0.65,hazard_targetwise,7.86,7.863837325279399
temporal_targetwise_0.80+hazard_targetwise_0.20,temporal_targetwise_0.80+hazard_ridge_0.20,temporal_targetwise_0.20+hazard_targetwise_0.80,7.86,7.863837743810609
base_0.20+temporal_targetwise_0.80,temporal_targetwise_0.65+targetwise_0.35,hazard_targetwise,7.86,7.863840947424805
base_0.20+temporal_targetwise_0.80,temporal_targetwise_0.80+hazard_targetwise_0.20,temporal_targetwise_0.50+hazard_targetwise_0.50,7.86,7.863847430094584
temporal_targetwise_0.80+targetwise_0.20,temporal_targetwise_0.35+targetwise_0.65,hazard_targetwise,7.86,7.8638798945814825
temporal_targetwise_0.80+targetwise_0.20,temporal_targetwise_0.80+hazard_ridge_0.20,temporal_targetwise_0.20+hazard_targetwise_0.80,7.86,7.863880313112848
base_0.20+temporal_targetwise_0.80,temporal_targetwise_0.80+hazard_targetwise_0.20,temporal_targetwise_0.35+hazard_targetwise_0.65,7.86,7.863897553890387
temporal_targetwise_0.80+hazard_targetwise_0.20,temporal_targetwise_0.35+targetwise_0.65,temporal_targetwise_0.80+targetwise_0.20,7.86,7.863906597527692
base_0.20+temporal_targetwise_0.80,temporal_targetwise_0.50+targetwise_0.50,temporal_targetwise_0.35+hazard_targetwise_0.65,7.86,7.863910630298299
temporal_targetwise_0.80+hazard_targetwise_0.20,temporal_targetwise_0.80+hazard_ridge_0.20,hazard_targetwise,7.86,7.86391983842063
temporal_targetwise_0.80+hazard_targetwise_0.20,base_0.20+temporal_targetwise_0.80,temporal_targetwise_0.80+targetwise_0.20,7.86,7.86394305635878
temporal_targetwise_0.80+targetwise_0.20,temporal_targetwise_0.35+targetwise_0.65,temporal_targetwise_0.80+targetwise_0.20,7.86,7.863949166857109
base_0.20+temporal_targetwise_0.80,temporal_targetwise_0.80+hazard_targetwise_0.20,temporal_targetwise_0.20+hazard_targetwise_0.80,7.86,7.8639591248762075
base_0.20+temporal_targetwise_0.80,temporal_targetwise_0.35+targetwise_0.65,temporal_targetwise,7.86,7.863959437399237
temporal_targetwise_0.80+targetwise_0.20,temporal_targetwise_0.80+hazard_ridge_0.20,hazard_targetwise,7.86,7.863962407755287
base_0.20+temporal_targetwise_0.80,temporal_targetwise_0.65+targetwise_0.35,temporal_targetwise_0.80+targetwise_0.20,7.86,7.863976590003574
base_0.20+temporal_targetwise_0.80,temporal_targetwise_0.35+targetwise_0.65,temporal_targetwise_0.80+hazard_targetwise_0.20,7.86,7.863979578490454
temporal_targetwise_0.80+targetwise_0.20,base_0.20+temporal_targetwise_0.80,temporal_targetwise_0.80+targetwise_0.20,7.86,7.8639856257026075
base_0.20+temporal_targetwise_0.80,temporal_targetwise_0.35+targetwise_0.65,temporal_targetwise_0.65+hazard_targetwise_0.35,7.86,7.863994684311337
base_0.20+temporal_targetwise_0.80,temporal_targetwise_0.50+targetwise_0.50,temporal_targetwise_0.20+hazard_targetwise_0.80,7.86,7.8639968429033535
base_0.20+temporal_targetwise_0.80,base_0.20+temporal_targetwise_0.80,temporal_targetwise_0.65+hazard_targetwise_0.35,7.86,7.864004689425874
base_0.20+temporal_targetwise_0.80,base_0.20+temporal_targetwise_0.80,temporal_targetwise_0.80+hazard_targetwise_0.20,7.86,7.86401422521934
base_0.20+temporal_targetwise_0.80,base_0.20+temporal_targetwise_0.80,temporal_targetwise_0.50+hazard_targetwise_0.50,7.86,7.864025703715383
base_0.20+temporal_targetwise_0.80,base_0.20+temporal_targetwise_0.80,temporal_targetwise,7.86,7.8640269396119455
base_0.20+temporal_targetwise_0.80,temporal_targetwise_0.35+targetwise_0.65,temporal_targetwise_0.50+hazard_targetwise_0.50,7.86,7.864040340220613
base_0.20+temporal_targetwise_0.80,temporal_targetwise_0.80+hazard_targetwise_0.20,hazard_targetwise,7.86,7.864041219578621
base_0.20+temporal_targetwise_0.80,base_0.20+temporal_targetwise_0.80,temporal_targetwise_0.35+hazard_targetwise_0.65,7.86,7.864075827594008
base_0.20+temporal_targetwise_0.80,temporal_targetwise_0.50+targetwise_0.50,hazard_targetwise,7.86,7.864087382939022
temporal_targetwise_0.80+hazard_targetwise_0.20,temporal_targetwise_0.80+hazard_ridge_0.20,temporal_targetwise_0.80+targetwise_0.20,7.86,7.864108730982444
base_0.20+temporal_targetwise_0.80,temporal_targetwise_0.35+targetwise_0.65,temporal_targetwise_0.35+hazard_targetwise_0.65,7.86,7.864115105744851
base_0.20+temporal_targetwise_0.80,base_0.20+temporal_targetwise_0.80,temporal_targetwise_0.20+hazard_targetwise_0.80,7.86,7.864137398681592
temporal_targetwise_0.80+targetwise_0.20,temporal_targetwise_0.80+hazard_ridge_0.20,temporal_targetwise_0.80+targetwise_0.20,7.86,7.864151300391642
base_0.20+temporal_targetwise_0.80,temporal_targetwise_0.80+hazard_ridge_0.20,temporal_targetwise,7.86,7.864161570952999
base_0.20+temporal_targetwise_0.80,temporal_targetwise_0.50+targetwise_0.50,temporal_targetwise_0.80+targetwise_0.20,7.86,7.864181065575182
base_0.20+temporal_targetwise_0.80,temporal_targetwise_0.80+hazard_ridge_0.20,temporal_targetwise_0.80+hazard_targetwise_0.20,7.86,7.8641817120819635
base_0.20+temporal_targetwise_0.80,temporal_targetwise_0.80+hazard_ridge_0.20,temporal_targetwise_0.65+hazard_targetwise_0.35,7.86,7.864183978035277
base_0.20+temporal_targetwise_0.80,temporal_targetwise_0.35+targetwise_0.65,temporal_targetwise_0.20+hazard_targetwise_0.80,7.86,7.864201318513353
base_0.20+temporal_targetwise_0.80,temporal_targetwise_0.80+hazard_ridge_0.20,temporal_targetwise_0.50+hazard_targetwise_0.50,7.86,7.8642049923597135
base_0.20+temporal_targetwise_0.80,base_0.20+temporal_targetwise_0.80,hazard_targetwise,7.86,7.864219493519697
base_0.20+temporal_targetwise_0.80,temporal_targetwise_0.80+hazard_targetwise_0.20,temporal_targetwise_0.80+targetwise_0.20,7.86,7.864239014998642
base_0.20+temporal_targetwise_0.80,temporal_targetwise_0.80+hazard_ridge_0.20,temporal_targetwise_0.35+hazard_targetwise_0.65,7.86,7.864255116321672
base_0.20+temporal_targetwise_0.80,temporal_targetwise_0.35+targetwise_0.65,hazard_targetwise,7.86,7.864316268978522
base_0.20+temporal_targetwise_0.80,temporal_targetwise_0.80+hazard_ridge_0.20,temporal_targetwise_0.20+hazard_targetwise_0.80,7.86,7.864316687511574
base_0.20+temporal_targetwise_0.80,temporal_targetwise_0.35+targetwise_0.65,temporal_targetwise_0.80+targetwise_0.20,7.86,7.864385541534391
base_0.20+temporal_targetwise_0.80,temporal_targetwise_0.80+hazard_ridge_0.20,hazard_targetwise,7.86,7.864398782486126
base_0.20+temporal_targetwise_0.80,base_0.20+temporal_targetwise_0.80,temporal_targetwise_0.80+targetwise_0.20,7.86,7.8644220005273935
base_0.20+temporal_targetwise_0.80,temporal_targetwise_0.80+hazard_ridge_0.20,temporal_targetwise_0.80+targetwise_0.20,7.86,7.8645876758866695
temporal_targetwise_0.80+hazard_ridge_0.20,temporal_targetwise,temporal_targetwise_0.65+hazard_targetwise_0.35,7.87,7.865686779732317
temporal_targetwise_0.80+hazard_ridge_0.20,temporal_targetwise,temporal_targetwise_0.80+hazard_targetwise_0.20,7.87,7.865696315674486
temporal_targetwise_0.80+hazard_ridge_0.20,temporal_targetwise,temporal_targetwise_0.50+hazard_targetwise_0.50,7.87,7.865707794349541
temporal_targetwise_0.80+hazard_ridge_0.20,temporal_targetwise,temporal_targetwise,7.87,7.865709030265378
temporal_targetwise_0.80+hazard_ridge_0.20,temporal_targetwise,temporal_targetwise_0.35+hazard_targetwise_0.65,7.87,7.86575791900983
temporal_targetwise_0.80+hazard_ridge_0.20,temporal_targetwise,temporal_targetwise_0.20+hazard_targetwise_0.80,7.87,7.86581949105758
temporal_targetwise_0.80+hazard_ridge_0.20,temporal_targetwise_0.80+targetwise_0.20,temporal_targetwise,7.87,7.865833881200657
temporal_targetwise_0.80+hazard_ridge_0.20,temporal_targetwise_0.80+targetwise_0.20,temporal_targetwise_0.80+hazard_targetwise_0.20,7.87,7.865854022641883
temporal_targetwise_0.80+hazard_ridge_0.20,temporal_targetwise_0.80+targetwise_0.20,temporal_targetwise_0.65+hazard_targetwise_0.35,7.87,7.8658675784945675
temporal_targetwise_0.80+hazard_ridge_0.20,temporal_targetwise_0.80+targetwise_0.20,temporal_targetwise_0.50+hazard_targetwise_0.50,7.87,7.865888593147008
temporal_targetwise_0.80+hazard_ridge_0.20,temporal_targetwise,hazard_targetwise,7.87,7.865901587175905
temporal_targetwise_0.80+hazard_ridge_0.20,temporal_targetwise_0.80+targetwise_0.20,temporal_targetwise_0.35+hazard_targetwise_0.65,7.87,7.865938717891319
temporal_targetwise_0.80+hazard_ridge_0.20,temporal_targetwise_0.80+targetwise_0.20,temporal_targetwise_0.20+hazard_targetwise_0.80,7.87,7.866000290042274
temporal_targetwise_0.80+hazard_ridge_0.20,temporal_targetwise_0.65+targetwise_0.35,temporal_targetwise,7.87,7.866038360293093
temporal_targetwise_0.80+hazard_ridge_0.20,temporal_targetwise_0.65+targetwise_0.35,temporal_targetwise_0.80+hazard_targetwise_0.20,7.87,7.866058501772488
temporal_targetwise_0.80+hazard_ridge_0.20,temporal_targetwise_0.65+targetwise_0.35,temporal_targetwise_0.65+hazard_targetwise_0.35,7.87,7.866073607884516
temporal_targetwise_0.80+hazard_ridge_0.20,temporal_targetwise_0.80+targetwise_0.20,hazard_targetwise,7.87,7.866082386298223
temporal_targetwise_0.80+hazard_ridge_0.20,temporal_targetwise,temporal_targetwise_0.80+targetwise_0.20,7.87,7.8661040973416085
temporal_targetwise_0.80+hazard_ridge_0.20,temporal_targetwise_0.65+targetwise_0.35,temporal_targetwise_0.50+hazard_targetwise_0.50,7.87,7.866119264673754
temporal_targetwise_0.80+hazard_ridge_0.20,temporal_targetwise_0.65+targetwise_0.35,temporal_targetwise_0.35+hazard_targetwise_0.65,7.87,7.866185158198302
temporal_targetwise_0.50+temporal_ridge_0.50,temporal_targetwise,temporal_targetwise_0.65+hazard_targetwise_0.35,7.87,7.866191828523883
temporal_targetwise_0.50+temporal_ridge_0.50,temporal_targetwise,temporal_targetwise_0.80+hazard_targetwise_0.20,7.87,7.866201364510705
temporal_targetwise_0.50+temporal_ridge_0.50,temporal_targetwise,temporal_targetwise_0.50+hazard_targetwise_0.50,7.87,7.866212843239495
temporal_targetwise_0.50+temporal_ridge_0.50,temporal_targetwise,temporal_targetwise,7.87,7.866214079161127
temporal_targetwise_0.80+hazard_ridge_0.20,temporal_targetwise_0.50+targetwise_0.50,temporal_targetwise,7.87,7.866242839773152
temporal_targetwise_0.80+hazard_ridge_0.20,temporal_targetwise_0.65+targetwise_0.35,temporal_targetwise_0.20+hazard_targetwise_0.80,7.87,7.866246730489923
temporal_targetwise_0.80+hazard_ridge_0.20,temporal_targetwise_0.80+targetwise_0.20,temporal_targetwise_0.80+targetwise_0.20,7.87,7.8662599927405985
temporal_targetwise_0.50+temporal_ridge_0.50,temporal_targetwise,temporal_targetwise_0.35+hazard_targetwise_0.65,7.87,7.866262968134485
temporal_targetwise_0.80+hazard_ridge_0.20,temporal_targetwise_0.50+targetwise_0.50,temporal_targetwise_0.80+hazard_targetwise_0.20,7.87,7.866262981290739
temporal_targetwise_0.80+hazard_ridge_0.20,temporal_targetwise_0.50+targetwise_0.50,temporal_targetwise_0.65+hazard_targetwise_0.35,7.87,7.866278087431411
temporal_targetwise_0.80+hazard_ridge_0.20,temporal_targetwise_0.80+hazard_targetwise_0.20,temporal_targetwise,7.87,7.866300790304281
temporal_targetwise_0.80+hazard_ridge_0.20,temporal_targetwise_0.80+hazard_targetwise_0.20,temporal_targetwise_0.65+hazard_targetwise_0.35,7.87,7.866314295013277
temporal_targetwise_0.80+hazard_ridge_0.20,temporal_targetwise_0.50+targetwise_0.50,temporal_targetwise_0.50+hazard_targetwise_0.50,7.87,7.86632374430718
temporal_targetwise_0.80+hazard_ridge_0.20,temporal_targetwise_0.80+hazard_targetwise_0.20,temporal_targetwise_0.80+hazard_targetwise_0.20,7.87,7.866323831010935
temporal_targetwise_0.50+temporal_ridge_0.50,temporal_targetwise,temporal_targetwise_0.20+hazard_targetwise_0.80,7.87,7.866324540470537
temporal_targetwise_0.80+hazard_ridge_0.20,temporal_targetwise_0.65+targetwise_0.35,hazard_targetwise,7.87,7.866328826933433
temporal_targetwise_0.80+hazard_ridge_0.20,temporal_targetwise_0.80+hazard_targetwise_0.20,temporal_targetwise_0.50+hazard_targetwise_0.50,7.87,7.866335309752759
temporal_targetwise_0.50+temporal_ridge_0.50,temporal_targetwise_0.80+targetwise_0.20,temporal_targetwise,7.87,7.866338930680983
temporal_targetwise_0.50+temporal_ridge_0.50,temporal_targetwise_0.80+targetwise_0.20,temporal_targetwise_0.80+hazard_targetwise_0.20,7.87,7.866359072216511
temporal_targetwise_0.50+temporal_ridge_0.50,temporal_targetwise_0.80+targetwise_0.20,temporal_targetwise_0.65+hazard_targetwise_0.35,7.87,7.8663726281326785
temporal_targetwise_0.80+hazard_ridge_0.20,temporal_targetwise_0.80+hazard_targetwise_0.20,temporal_targetwise_0.35+hazard_targetwise_0.65,7.87,7.866385434704637
temporal_targetwise_0.50+temporal_ridge_0.50,temporal_targetwise_0.80+targetwise_0.20,temporal_targetwise_0.50+hazard_targetwise_0.50,7.87,7.866393642883529
temporal_targetwise_0.80+hazard_ridge_0.20,temporal_targetwise_0.50+targetwise_0.50,temporal_targetwise_0.35+hazard_targetwise_0.65,7.87,7.866398511414152
temporal_targetwise_0.50+temporal_ridge_0.50,temporal_targetwise,hazard_targetwise,7.87,7.866406636973244
temporal_targetwise_0.50+temporal_ridge_0.50,temporal_targetwise_0.80+targetwise_0.20,temporal_targetwise_0.35+hazard_targetwise_0.65,7.87,7.866443767862519
temporal_targetwise_0.80+hazard_ridge_0.20,temporal_targetwise_0.80+hazard_targetwise_0.20,temporal_targetwise_0.20+hazard_targetwise_0.80,7.87,7.8664470071105885
temporal_targetwise_0.80+hazard_ridge_0.20,temporal_targetwise_0.35+targetwise_0.65,temporal_targetwise,7.87,7.866447319640835
temporal_targetwise_0.80+hazard_ridge_0.20,temporal_targetwise_0.65+targetwise_0.35,temporal_targetwise_0.80+targetwise_0.20,7.87,7.866464472640788
temporal_targetwise_0.80+hazard_ridge_0.20,temporal_targetwise_0.35+targetwise_0.65,temporal_targetwise_0.80+hazard_targetwise_0.20,7.87,7.866467461196613
temporal_targetwise_0.80+hazard_ridge_0.20,temporal_targetwise_0.35+targetwise_0.65,temporal_targetwise_0.65+hazard_targetwise_0.35,7.87,7.866482567365907
temporal_targetwise_0.80+hazard_ridge_0.20,temporal_targetwise_0.50+targetwise_0.50,temporal_targetwise_0.20+hazard_targetwise_0.80,7.87,7.866484726007705
temporal_targetwise_0.80+hazard_ridge_0.20,base_0.20+temporal_targetwise_0.80,temporal_targetwise_0.65+hazard_targetwise_0.35,7.87,7.8664925727112145
temporal_targetwise_0.80+hazard_ridge_0.20,base_0.20+temporal_targetwise_0.80,temporal_targetwise_0.80+hazard_targetwise_0.20,7.87,7.866502108724616
temporal_targetwise_0.50+temporal_ridge_0.50,temporal_targetwise_0.80+targetwise_0.20,temporal_targetwise_0.20+hazard_targetwise_0.80,7.87,7.866505340301777
temporal_targetwise_0.80+hazard_ridge_0.20,base_0.20+temporal_targetwise_0.80,temporal_targetwise_0.50+hazard_targetwise_0.50,7.87,7.866513587485424
temporal_targetwise_0.80+hazard_ridge_0.20,base_0.20+temporal_targetwise_0.80,temporal_targetwise,7.87,7.866514823410475
temporal_targetwise_0.80+hazard_ridge_0.20,temporal_targetwise_0.35+targetwise_0.65,temporal_targetwise_0.50+hazard_targetwise_0.50,7.87,7.866528224328251
temporal_targetwise_0.80+hazard_ridge_0.20,temporal_targetwise_0.80+hazard_targetwise_0.20,hazard_targetwise,7.87,7.866529103706532
temporal_targetwise_0.50+temporal_ridge_0.50,temporal_targetwise_0.65+targetwise_0.35,temporal_targetwise,7.87,7.866543410730831
temporal_targetwise_0.50+temporal_ridge_0.50,temporal_targetwise_0.65+targetwise_0.35,temporal_targetwise_0.80+hazard_targetwise_0.20,7.87,7.866563552304551
temporal_targetwise_0.80+hazard_ridge_0.20,base_0.20+temporal_targetwise_0.80,temporal_targetwise_0.35+hazard_targetwise_0.65,7.87,7.866563712520169
temporal_targetwise_0.80+hazard_ridge_0.20,temporal_targetwise_0.50+targetwise_0.50,hazard_targetwise,7.87,7.866575268131681
temporal_targetwise_0.50+temporal_ridge_0.50,temporal_targetwise_0.65+targetwise_0.35,temporal_targetwise_0.65+hazard_targetwise_0.35,7.87,7.8665786584873
temporal_targetwise_0.50+temporal_ridge_0.50,temporal_targetwise_0.80+targetwise_0.20,hazard_targetwise,7.87,7.866587436942085
temporal_targetwise_0.80+hazard_ridge_0.20,temporal_targetwise_0.35+targetwise_0.65,temporal_targetwise_0.35+hazard_targetwise_0.65,7.87,7.866602991576954
temporal_targetwise_0.50+temporal_ridge_0.50,temporal_targetwise,temporal_targetwise_0.80+targetwise_0.20,7.87,7.866609148087145
temporal_targetwise_0.50+temporal_ridge_0.50,temporal_targetwise_0.65+targetwise_0.35,temporal_targetwise_0.50+hazard_targetwise_0.50,7.87,7.8666243154903
temporal_targetwise_0.80+hazard_ridge_0.20,base_0.20+temporal_targetwise_0.80,temporal_targetwise_0.20+hazard_targetwise_0.80,7.87,7.866625285027862
temporal_targetwise_0.80+hazard_ridge_0.20,temporal_targetwise_0.80+hazard_ridge_0.20,temporal_targetwise,7.87,7.8666494578568
temporal_targetwise_0.80+hazard_ridge_0.20,temporal_targetwise_0.50+targetwise_0.50,temporal_targetwise_0.80+targetwise_0.20,7.87,7.866668952928624
temporal_targetwise_0.80+hazard_ridge_0.20,temporal_targetwise_0.80+hazard_ridge_0.20,temporal_targetwise_0.80+hazard_targetwise_0.20,7.87,7.866669599450327
temporal_targetwise_0.80+hazard_ridge_0.20,temporal_targetwise_0.80+hazard_ridge_0.20,temporal_targetwise_0.65+hazard_targetwise_0.35,7.87,7.86667186545591
temporal_targetwise_0.80+hazard_ridge_0.20,temporal_targetwise_0.35+targetwise_0.65,temporal_targetwise_0.20+hazard_targetwise_0.80,7.87,7.866689206333932
temporal_targetwise_0.50+temporal_ridge_0.50,temporal_targetwise_0.65+targetwise_0.35,temporal_targetwise_0.35+hazard_targetwise_0.65,7.87,7.8666902093234015
temporal_targetwise_0.80+hazard_ridge_0.20,temporal_targetwise_0.80+hazard_ridge_0.20,temporal_targetwise_0.50+hazard_targetwise_0.50,7.87,7.866692880265047
temporal_targetwise_0.80+hazard_ridge_0.20,base_0.20+temporal_targetwise_0.80,hazard_targetwise,7.87,7.866707381759475
temporal_targetwise_0.80+hazard_ridge_0.20,temporal_targetwise_0.80+hazard_targetwise_0.20,temporal_targetwise_0.80+targetwise_0.20,7.87,7.866726903688703
temporal_targetwise_0.80+hazard_ridge_0.20,temporal_targetwise_0.80+hazard_ridge_0.20,temporal_targetwise_0.35+hazard_targetwise_0.65,7.87,7.866743005383103
temporal_targetwise_0.50+temporal_ridge_0.50,temporal_targetwise_0.50+targetwise_0.50,temporal_targetwise,7.87,7.866747891168302
temporal_targetwise_0.50+temporal_ridge_0.50,temporal_targetwise_0.65+targetwise_0.35,temporal_targetwise_0.20+hazard_targetwise_0.80,7.87,7.866751781903303
temporal_targetwise_0.50+temporal_ridge_0.50,temporal_targetwise_0.80+targetwise_0.20,temporal_targetwise_0.80+targetwise_0.20,7.87,7.866765044216062
temporal_targetwise_0.50+temporal_ridge_0.50,temporal_targetwise_0.50+targetwise_0.50,temporal_targetwise_0.80+hazard_targetwise_0.20,7.87,7.866768032780191
temporal_targetwise_0.50+temporal_ridge_0.50,temporal_targetwise_0.50+targetwise_0.50,temporal_targetwise_0.65+hazard_targetwise_0.35,7.87,7.8667831389916065
temporal_targetwise_0.80+hazard_ridge_0.20,temporal_targetwise_0.35+targetwise_0.65,hazard_targetwise,7.87,7.866804159450447
temporal_targetwise_0.80+hazard_ridge_0.20,temporal_targetwise_0.80+hazard_ridge_0.20,temporal_targetwise_0.20+hazard_targetwise_0.80,7.87,7.866804577993158
temporal_targetwise_0.50+temporal_ridge_0.50,temporal_targetwise_0.50+targetwise_0.50,temporal_targetwise_0.50+hazard_targetwise_0.50,7.87,7.86682879608116
temporal_targetwise_0.50+temporal_ridge_0.50,temporal_targetwise_0.65+targetwise_0.35,hazard_targetwise,7.87,7.866833878731194
temporal_targetwise_0.80+hazard_ridge_0.20,temporal_targetwise_0.35+targetwise_0.65,temporal_targetwise_0.80+targetwise_0.20,7.87,7.866873433604082
temporal_targetwise_0.80+hazard_ridge_0.20,temporal_targetwise_0.80+hazard_ridge_0.20,hazard_targetwise,7.87,7.86688667486124
temporal_targetwise_0.50+temporal_ridge_0.50,temporal_targetwise_0.50+targetwise_0.50,temporal_targetwise_0.35+hazard_targetwise_0.65,7.87,7.866903563538208
temporal_targetwise_0.80+hazard_ridge_0.20,base_0.20+temporal_targetwise_0.80,temporal_targetwise_0.80+targetwise_0.20,7.87,7.866909893438012
temporal_targetwise_0.50+temporal_ridge_0.50,temporal_targetwise_0.35+targetwise_0.65,temporal_targetwise,7.87,7.8669523719933965
temporal_targetwise_0.50+temporal_ridge_0.50,temporal_targetwise_0.65+targetwise_0.35,temporal_targetwise_0.80+targetwise_0.20,7.87,7.866969525073686
temporal_targetwise_0.50+temporal_ridge_0.50,temporal_targetwise_0.35+targetwise_0.65,temporal_targetwise_0.80+hazard_targetwise_0.20,7.87,7.866972513643478
temporal_targetwise_0.50+temporal_ridge_0.50,temporal_targetwise_0.35+targetwise_0.65,temporal_targetwise_0.65+hazard_targetwise_0.35,7.87,7.866987619883514
temporal_targetwise_0.50+temporal_ridge_0.50,temporal_targetwise_0.50+targetwise_0.50,temporal_targetwise_0.20+hazard_targetwise_0.80,7.87,7.866989778535416
temporal_targetwise_0.50+temporal_ridge_0.50,temporal_targetwise_0.35+targetwise_0.65,temporal_targetwise_0.50+hazard_targetwise_0.50,7.87,7.867033277059621
temporal_targetwise_0.80+hazard_ridge_0.20,temporal_targetwise_0.80+hazard_ridge_0.20,temporal_targetwise_0.80+targetwise_0.20,7.87,7.867075572618587
temporal_targetwise_0.50+temporal_ridge_0.50,temporal_targetwise_0.50+targetwise_0.50,hazard_targetwise,7.87,7.867080321083342
temporal_targetwise_0.50+temporal_ridge_0.50,temporal_targetwise_0.35+targetwise_0.65,temporal_targetwise_0.35+hazard_targetwise_0.65,7.87,7.8671080446584
temporal_targetwise_0.50+temporal_ridge_0.50,temporal_targetwise_0.50+targetwise_0.50,temporal_targetwise_0.80+targetwise_0.20,7.87,7.867174006318933
temporal_targetwise_0.50+temporal_ridge_0.50,temporal_targetwise_0.35+targetwise_0.65,temporal_targetwise_0.20+hazard_targetwise_0.80,7.87,7.867194259819077
temporal_targetwise_0.50+temporal_ridge_0.50,temporal_targetwise_0.80+hazard_targetwise_0.20,temporal_targetwise,7.87,7.867258826852241
temporal_targetwise_0.50+temporal_ridge_0.50,temporal_targetwise_0.80+hazard_targetwise_0.20,temporal_targetwise_0.65+hazard_targetwise_0.35,7.87,7.8672723316811854
temporal_targetwise_0.50+temporal_ridge_0.50,temporal_targetwise_0.80+hazard_targetwise_0.20,temporal_targetwise_0.80+hazard_targetwise_0.20,7.87,7.8672818677635314
temporal_targetwise_0.50+temporal_ridge_0.50,temporal_targetwise_0.80+hazard_targetwise_0.20,temporal_targetwise_0.50+hazard_targetwise_0.50,7.87,7.867293346607296
temporal_targetwise_0.50+temporal_ridge_0.50,temporal_targetwise_0.35+targetwise_0.65,hazard_targetwise,7.87,7.867309213473805
temporal_targetwise_0.50+temporal_ridge_0.50,temporal_targetwise_0.80+hazard_targetwise_0.20,temporal_targetwise_0.35+hazard_targetwise_0.65,7.87,7.8673434720043955
temporal_targetwise_0.50+temporal_ridge_0.50,temporal_targetwise_0.35+targetwise_0.65,temporal_targetwise_0.80+targetwise_0.20,7.87,7.867378487951804
temporal_targetwise_0.50+temporal_ridge_0.50,temporal_targetwise_0.80+hazard_targetwise_0.20,temporal_targetwise_0.20+hazard_targetwise_0.80,7.87,7.867405044957221
temporal_targetwise_0.50+temporal_ridge_0.50,base_0.20+temporal_targetwise_0.80,temporal_targetwise_0.65+hazard_targetwise_0.35,7.87,7.867450610962523
temporal_targetwise_0.50+temporal_ridge_0.50,base_0.20+temporal_targetwise_0.80,temporal_targetwise_0.80+hazard_targetwise_0.20,7.87,7.867460147060634
temporal_targetwise_0.50+temporal_ridge_0.50,base_0.20+temporal_targetwise_0.80,temporal_targetwise_0.50+hazard_targetwise_0.50,7.87,7.8674716259233834
temporal_targetwise_0.50+temporal_ridge_0.50,base_0.20+temporal_targetwise_0.80,temporal_targetwise,7.87,7.867472861859426
temporal_targetwise_0.50+temporal_ridge_0.50,temporal_targetwise_0.80+hazard_targetwise_0.20,hazard_targetwise,7.87,7.867487142282292
temporal_targetwise_0.50+temporal_ridge_0.50,base_0.20+temporal_targetwise_0.80,temporal_targetwise_0.35+hazard_targetwise_0.65,7.87,7.867521751403328
temporal_targetwise_0.50+temporal_ridge_0.50,base_0.20+temporal_targetwise_0.80,temporal_targetwise_0.20+hazard_targetwise_0.80,7.87,7.867583324457894
temporal_targetwise_0.50+temporal_ridge_0.50,temporal_targetwise_0.80+hazard_ridge_0.20,temporal_targetwise,7.87,7.8676074975015275
temporal_targetwise_0.50+temporal_ridge_0.50,temporal_targetwise_0.80+hazard_ridge_0.20,temporal_targetwise_0.80+hazard_targetwise_0.20,7.87,7.867627639273955
temporal_targetwise_0.50+temporal_ridge_0.50,temporal_targetwise_0.80+hazard_ridge_0.20,temporal_targetwise_0.65+hazard_targetwise_0.35,7.87,7.867629905299656
temporal_targetwise_0.50+temporal_ridge_0.50,temporal_targetwise_0.80+hazard_ridge_0.20,temporal_targetwise_0.50+hazard_targetwise_0.50,7.87,7.8676509202954215
temporal_targetwise_0.50+temporal_ridge_0.50,base_0.20+temporal_targetwise_0.80,hazard_targetwise,7.87,7.867665421918679
temporal_targetwise_0.50+temporal_ridge_0.50,temporal_targetwise_0.80+hazard_targetwise_0.20,temporal_targetwise_0.80+targetwise_0.20,7.87,7.86768494402128
temporal_targetwise_0.50+temporal_ridge_0.50,temporal_targetwise_0.80+hazard_ridge_0.20,temporal_targetwise_0.35+hazard_targetwise_0.65,7.87,7.867701045858699
temporal_targetwise_0.50+temporal_ridge_0.50,temporal_targetwise_0.80+hazard_ridge_0.20,temporal_targetwise_0.20+hazard_targetwise_0.80,7.87,7.867762619015606
temporal_targetwise_0.50+temporal_ridge_0.50,temporal_targetwise_0.80+hazard_ridge_0.20,hazard_targetwise,7.87,7.867844716612837
temporal_targetwise_0.50+temporal_ridge_0.50,base_0.20+temporal_targetwise_0.80,temporal_targetwise_0.80+targetwise_0.20,7.87,7.867867935395845
temporal_targetwise_0.50+temporal_ridge_0.50,temporal_targetwise_0.80+hazard_ridge_0.20,temporal_targetwise_0.80+targetwise_0.20,7.87,7.868033616047954
